{"minzoom":17,"maxzoom":18,"bounds":[77.20315876852061,13.367433491681965,77.21048656354174,13.37085718531739]}