{"minzoom":14,"maxzoom":18,"bounds":[77.1988341571622,13.367433491681965,77.21395513350171,13.388614073611905]}
                                                                   










