{"minzoom":14,"maxzoom":18,"bounds":[77.1988341571622,13.371662009467613,77.21395513350171,13.388614073611905]}
                                     










